baliza,linha_dagua,cota_y
0,0,0.0
0,1,0.0
0,2,0.0
0,3,0.0
0,4,0.0
0,5,0.1742
0,6,0.4441
1,0,0.3951
1,1,0.6258
1,2,0.7054
1,3,0.7489
1,4,0.8186
1,5,1.0363
1,6,1.5327
2,0,0.8871
2,1,1.3732
2,2,1.5414
2,3,1.6024
2,4,1.6895
2,5,1.9943
2,6,2.6039
3,0,1.4757
3,1,2.1902
3,2,2.4471
3,3,2.5603
3,4,2.6997
3,5,3.048
3,6,3.6663
4,0,2.1451
4,1,3.0419
4,2,3.3876
4,3,3.5444
4,4,3.7447
4,5,4.1104
4,6,4.6678
5,0,3.6289
5,1,4.7801
5,2,5.2164
5,3,5.4603
5,4,5.7041
5,5,6.0002
5,6,6.3921
6,0,5.0401
6,1,6.2924
6,2,6.7753
6,3,6.9843
6,4,7.202
6,5,7.411
6,6,7.6374
7,0,6.3142
7,1,7.4396
7,2,7.8725
7,3,8.0119
7,4,8.1425
7,5,8.2557
7,6,8.3689
8,0,7.2255
8,1,8.1871
8,2,8.456
8,3,8.5344
8,4,8.5779
8,5,8.6215
8,6,8.6389
9,0,7.8222
9,1,8.5521
9,2,8.6563
9,3,8.6912
9,4,8.7086
9,5,8.7086
9,6,8.7086
10,0,8.0641
10,1,8.6912
10,2,8.7086
10,3,8.7086
10,4,8.7086
10,5,8.7086
10,6,8.7086
11,0,8.0641
11,1,8.6912
11,2,8.7086
11,3,8.7086
11,4,8.7086
11,5,8.7086
11,6,8.7086
12,0,8.0641
12,1,8.6912
12,2,8.7086
12,3,8.7086
12,4,8.7086
12,5,8.7086
12,6,8.7086
13,0,8.0399
13,1,8.6825
13,2,8.7086
13,3,8.7086
13,4,8.7086
13,5,8.7086
13,6,8.7086
14,0,7.8867
14,1,8.5956
14,2,8.7086
14,3,8.7086
14,4,8.7086
14,5,8.7086
14,6,8.7086
15,0,7.3948
15,1,8.3261
15,2,8.6476
15,3,8.7086
15,4,8.7086
15,5,8.7086
15,6,8.7086
16,0,6.5723
16,1,7.7091
16,2,8.3341
16,3,8.5344
16,4,8.6302
16,5,8.6912
16,6,8.7086
17,0,5.4433
17,1,6.6748
17,2,7.559
17,3,8.0728
17,4,8.3689
17,5,8.5779
17,6,8.6912
18,0,4.1127
18,1,5.2581
18,2,6.3224
18,3,7.1846
18,4,7.8116
18,5,8.2731
18,6,8.5518
19,0,2.7257
19,1,3.7111
19,2,4.6417
19,3,5.7302
19,4,6.8624
19,5,7.6723
19,6,8.1773
20,0,1.5483
20,1,2.1293
20,2,2.7345
20,3,3.7011
20,4,5.3471
20,5,6.6621
20,6,7.4371
21,0,1.0161
21,1,1.434
21,2,1.8027
21,3,2.5429
21,4,4.3456
21,5,5.9218
21,6,6.8711
22,0,0.5645
22,1,0.7735
22,2,0.9318
22,3,1.4282
22,4,3.2048
22,5,4.9813
22,6,6.1308
23,0,0.1774
23,1,0.1912
23,2,0.209
23,3,0.3745
23,4,1.9856
23,5,3.8666
23,6,5.1293
24,0,0.0
24,1,0.0
24,2,0.0
24,3,0.0
24,4,0.7751
24,5,2.4907
24,6,3.8144
0,7,0.0
1,7,0.0604
2,7,0.1746
3,7,0.3626
4,7,0.6714
5,7,1.6047
6,7,2.9342
7,7,4.3374
8,7,5.5729
9,7,6.3047
10,7,6.7009
11,7,6.7143
12,7,6.7143
13,7,6.7143
14,7,6.4525
15,7,5.7407
16,7,4.7336
17,7,3.572
18,7,2.3097
19,7,1.2489
20,7,0.517
21,7,0.282
22,7,0.1544
23,7,0.094
24,7,0.0
